{"confusion_matrix": [[3233, 43], [50, 3418]], "classification_report": {"ham": {"precision": 0.9847700274139507, "recall": 0.9868742368742369, "f1-score": 0.9858210093001982, "support": 3276.0}, "spam": {"precision": 0.9875758451314649, "recall": 0.9855824682814303, "f1-score": 0.9865781498051667, "support": 3468.0}, "accuracy": 0.9862099644128114, "macro avg": {"precision": 0.9861729362727079, "recall": 0.9862283525778336, "f1-score": 0.9861995795526824, "support": 6744.0}, "weighted avg": {"precision": 0.9862128767384375, "recall": 0.9862099644128114, "f1-score": 0.986210357353465, "support": 6744.0}}, "accuracy": 0.9862099644128114}